"id","height","glasses","score","hints"
1,79.9042015686808,1,-0.138951665713236,3.80711382631875
2,62.8228868770562,0,0.7729761276548,5.37651555400612
3,69.4365489070638,0,0.344192512300725,5.76483907581497
4,80.3038223203124,0,0.465484799590567,5.54193950400272
5,69.5284152760936,1,0.128299563104608,5.36592095955246
6,118.097466299298,0,0.733504137094069,4.45246063488792
7,96.5225260415126,0,0.717993355516777,4.84174593312086
8,64.8088030758875,1,0.338131241151812,4.56192911819706
9,73.4676198467825,0,0.614222534682805,4.69122735908154
10,86.410223683138,0,0.297873330734676,4.62522596037013
11,93.4441300727293,0,0.578641089812681,5.42222495272094
12,65.5804336854347,0,0.19982932618085,4.41863001472916
13,121.25044308945,1,0.232723344817699,4.97527964191419
14,67.6018136036153,1,0.380231355733189,5.82551006463686
15,71.8946219407761,0,0.557665522299604,3.15281991519369
16,101.256681706063,0,0.279058886660079,4.78008956234054
17,79.4370831222244,1,0.58112563791515,6.27243875360562
18,90.3160670091094,0,0.64824539579431,4.20241703631854
19,57.415968961165,0,0.131573458140335,5.18134364827462
20,99.0362740784999,0,0.333661288633726,5.31302392976902
21,108.760419629849,0,0.497402859174846,6.75852995048446
22,85.1530279117953,1,0.779106135989218,3.28087395341674
23,75.7496604933455,0,0.766272177706503,6.6735802703036
24,72.4421371433335,1,0.332289680756015,4.83649344804663
25,84.1318884498181,0,0.300837730655743,5.41094611000856
26,116.750206581725,0,0.615206200179613,3.98298801035015
27,56.8650594556395,0,0.502550085871136,4.4759040707365
28,104.202796853417,0,0.310071960120443,3.86649924160953
29,53.7751073825678,0,0.626146171389613,5.15137090145015
30,61.6057507053575,0,0.717742552600764,5.70445622560989
31,78.6280439073889,0,0.514191297187258,4.50703574058224
32,91.5929820352264,0,0.585101180786213,4.80594643709334
33,64.8498582250598,1,0.41038026637553,5.30601670783954
34,56.5355167537656,0,0.405084656279595,5.73384222850259
35,107.565389265326,1,0.157123332639311,4.77753544261128
36,61.5863974715446,0,0.672970392777074,4.96839469077911
37,51.7663914789485,0,0.797559116758916,4.9928074191694
38,77.9903883066354,1,0.59291462325677,6.52387674331295
39,89.1368544107321,0,0.629768590105902,6.37928924518986
40,93.0670160331085,0,0.791361402829855,6.3295880260308
41,38.7922838040046,1,-0.252602911097117,6.06222345715021
42,85.6917485766493,0,0.722555118343534,5.55942320117397
43,94.2103158946724,0,0.310316786594838,4.58726735041397
44,56.7065460719809,0,0.628813924422682,5.46783789434589
45,92.0382168401163,1,0.213358585916149,4.63890099775159
46,49.1320237917473,0,0.70407538677224,5.62073387949647
47,99.7421371664999,0,0.591485153449639,4.56655953916414
48,83.4822120236207,1,0.659959185351098,4.8318359052877
49,83.730101230752,0,0.415178637129275,5.01063112671039
50,73.5711922057773,0,0.469547341939398,3.13597843896328
51,60.8880368971262,0,0.18413279506104,5.3658587665752
52,60.4662493775489,1,0.633666945001643,4.43590439311549
53,58.0638449923693,0,0.188201673918006,4.50013545603538
54,77.1405715723004,1,0.636848664822286,5.09568337011334
55,67.2770709062668,1,0.552237421283289,4.96819806938081
56,63.3543230850617,0,0.464385030572655,5.71213076723151
57,62.3789275061997,1,0.253158760558485,4.02549199067715
58,78.9543161829404,1,0.388437320420241,4.23241539554555
59,77.5126046643739,0,0.205035300058316,6.60276829076424
60,70.3703393285459,1,0.255843735974647,6.04866309465131
61,49.9692759322142,0,0.50765928288902,5.25619718526263
62,75.2725901245812,0,0.909570420456645,4.51984367390457
63,42.1446881264598,1,0.44636254829902,4.61184501687302
64,97.0324655919996,0,0.498018219258849,2.11745593974051
65,76.7653219355808,0,0.504830176157758,5.1155060530626
66,67.7988608166177,0,0.351697912933439,5.34449470336699
67,77.2167930967633,0,0.175014450252624,2.65979758479401
68,79.1761682464544,0,0.527785674080721,4.92026706782647
69,91.1850157628796,0,0.33274065041214,4.30798573927855
70,53.5786615410416,0,0.864370470121987,6.79320923322847
71,75.4176949251653,1,0.735627025432862,4.05842589384945
72,47.1918872133789,0,0.670982927103822,5.43382395110089
73,112.617137426629,0,0.300809725890455,5.90367167096754
74,56.4795203883469,1,0.577149408391143,4.75730965156119
75,72.4285522031362,1,0.00691869126314609,4.6256242217746
76,76.3981506245653,1,0.419259509917062,4.22763490695402
77,87.2175757810097,0,0.666582683587887,5.13143487602815
78,104.683412715638,0,0.885959995228306,4.73137470697741
79,87.9905564069491,0,0.222992864611275,4.56860320055502
80,53.7598796179861,0,0.610369193523735,5.47705451050401
81,72.7287195959663,0,0.159363483529185,4.60578724460426
82,88.0363925914846,1,0.367913815868044,2.70689933284518
83,83.7105878619323,1,-0.0483511030829062,5.29363682752424
84,75.0094707180122,0,0.751907106821579,5.98613470416484
85,26.2148700385458,1,0.796868656629206,6.54961965841875
86,52.7323590247304,0,0.197372454382924,5.68303597974698
87,120.586539493637,0,0.131117498452507,5.76258663769603
88,52.6351335619557,0,0.579988493044628,3.13684863660548
89,85.813738067174,1,0.525414291227246,5.01414907135686
90,54.9162124562657,0,0.440050288009522,5.44657433566145
91,101.745226639455,1,0.163312538982281,5.40318869050689
92,57.2486628996614,0,0.424581071661901,4.96535709071404
93,101.542590083656,0,0.0531680241296456,4.73151503209286
94,111.057137481983,0,0.581543756489215,6.42059028172502
95,72.6106969779059,0,0.512923637727874,5.8127786396449
96,74.7053056800428,0,0.892959327046422,5.53740675846775
97,92.5842879874526,0,0.472963124131421,4.23262415092835
98,48.4708761457463,0,0.334030582466583,3.75159734124893
99,78.2472825354568,0,0.15961800243319,5.64640781737337
100,93.0452258955201,1,0.794339944580784,5.41242232172224
101,98.0514798160712,0,0.0994036383387915,5.30609419239824
102,109.486700666915,0,0.664950269780813,4.30652645491646
103,51.5324502023885,0,0.378342469462958,3.68904007997996
104,92.2149977545517,0,0.65647829817727,3.25746546592376
105,56.7679762175068,0,0.365564007634381,4.46925988962487
106,76.6806732631182,0,0.478807299612527,5.86667368123619
107,114.404817356869,0,0.761145746501687,6.16838311108708
108,65.7092204188917,0,0.518278429612216,5.47997723128444
109,79.4333533774487,0,0.372912011567466,4.2364310451547
110,53.0021119926167,0,0.686322833931722,3.82388599703981
111,72.8523054559107,0,0.204940521638332,3.67287184777488
112,81.9480011953829,0,0.72414962944731,4.69774587656353
113,60.2225720408079,0,0.668192530571198,5.14249856485825
114,84.0272174952002,1,0.447451952408061,3.2960446684597
115,77.2712169060898,0,0.0274129136686052,4.68150529926216
116,51.2480342352995,0,0.381020334637548,5.94320468327016
117,93.8405259209818,0,0.821181470939224,4.7350040761145
118,75.1422435784043,0,0.340714108998492,5.32740151386001
119,84.1321163269187,1,0.320291595240191,6.20094817020617
120,101.754449484897,1,0.727857846466272,5.57165363789981
121,79.0271347028892,0,0.721480801638665,3.70904233294793
122,117.039988075249,1,0.574944667993132,5.767666310313
123,67.2766473866587,1,0.705621033900017,5.43430064966076
124,80.7202695261055,1,0.537559719012368,6.07545625879727
125,111.451559069585,1,1.05381567521708,5.95758203126041
126,67.3373786961274,0,0.314934387061597,3.93375369501968
127,86.7740773203395,1,0.336854729019286,5.3043433307454
128,69.9695221763514,0,0.61567606206173,3.91341771704642
129,124.931086321503,1,0.773856359736723,4.7529154680142
130,67.5326452256968,0,0.14129546043637,2.95047912997592
131,89.4416464268344,1,0.153964029262807,4.56524541763828
132,118.216156088986,0,0.395437688486011,4.00227050053421
133,58.9200874545802,0,0.438129480657486,4.61571563358044
134,104.509331337312,0,0.391582248073834,4.78618791681885
135,55.1682403870859,0,0.955900573599363,4.83228474352319
136,110.448551341057,0,0.570419145991099,4.75362253276509
137,102.888064138946,0,0.5765591254343,3.81816301564342
138,88.8280601845007,0,0.155639273700797,4.61767536079576
139,72.4324629554766,0,0.156602442232923,4.53530005277324
140,90.7940363024745,0,0.375626251209255,5.55358483934129
141,67.8796614434581,0,0.0301857684574061,4.94927636186614
142,69.1778697116221,0,0.0428982960044825,4.04194418471371
143,98.0579666339757,1,1.18191956100346,6.49227080448598
144,95.5664622299392,0,0.774227499794615,5.04002360492595
145,73.9936255999471,1,0.812196485136266,5.36063335921777
146,86.509795165095,0,0.401706767418623,4.92531534374267
147,40.2052613375541,0,0.168381054084166,6.3980385792423
148,94.7848969230615,0,0.310418254960737,5.27901302261694
149,89.6156488374967,0,0.885944055481474,6.41943999390412
150,70.4022634864916,0,0.524648318731652,4.95877274955019
151,97.1620619622754,0,0.230613189989466,4.67925892333997
152,64.190281026494,0,0.176611846904942,5.22594693416219
153,70.8740258812125,0,0.797899591660457,6.04993865967663
154,109.594739329667,0,0.126333472124156,5.92076857620939
155,54.859822042306,0,0.420309437478656,3.75345671748164
156,109.107635572666,0,0.956509353342212,4.14410314415025
157,51.4001888324478,0,0.980776963942365,3.95212982188222
158,45.4561330137075,0,0.356203709874284,4.71263750488992
159,77.9003014891048,0,0.181617124665306,5.38028154816046
160,92.2029232975775,1,0.0188632265138619,4.17608807019121
161,75.9681744191649,0,0.221070100038961,4.60013126565627
162,95.2721063664281,0,0.26478411848727,6.40387771096476
163,71.681516071992,1,0.903301839241471,5.59053824912404
164,96.1145115183352,1,0.878097327229688,5.84971490737648
165,44.1720653091594,0,-0.100555342279779,4.2222962245251
166,82.7318712674681,1,0.601051259953355,5.21337080276716
167,114.701484895298,0,0.735244523795172,4.64947619241345
168,62.8077802245398,0,0.819663060854155,5.87061688236218
169,95.4238068558596,0,0.389036177525121,6.19626164302714
170,53.5934432318076,0,0.544989513939029,4.05292019665094
171,76.3198876846337,0,0.597319527556778,3.94201987343059
172,76.4931249627566,0,0.416626230128738,5.32705287255834
173,90.1749268692644,0,0.662174991147122,4.62718426173743
174,76.84045770287,0,0.0800963373519247,4.7217518683616
175,116.940568488599,1,0.656570015443237,3.90270343336122
176,102.650017129933,0,0.571250553145313,6.03219376677965
177,82.5920717605401,0,0.637210188068354,4.51706508893064
178,39.2376569597894,0,0.531371592512023,4.53798293948293
179,72.3397900135025,1,1.00045855173364,5.89327772463211
180,94.379571052654,1,0.454936238393398,4.97105871345072
181,90.0555727452714,0,0.507289434296045,6.01128630240863
182,51.1976378161665,1,0.858124897841547,3.8945114028702
183,72.092854584264,1,0.163441678793386,4.73061501067644
184,64.48740060088,0,0.964720262242392,6.27560586468853
185,52.2660512991423,0,0.485354874293621,5.49000106022263
186,90.161136810522,0,0.544575971672229,3.20129804331018
187,63.6441122468544,0,0.631004587918107,5.23773519071786
188,64.6711685832426,0,0.228196909497184,5.08516465179675
189,62.9232155190647,1,0.238822639459782,4.24194484040462
190,91.3955790050535,0,0.45667805208099,4.10388888044143
191,120.852402334591,0,0.608645234998529,4.11472817086807
192,89.3827396295888,0,0.863475875300087,4.2193110457721
193,72.6502474622308,0,0.436821158541759,4.32339464477319
194,52.1485131018262,0,0.58845430253063,7.19542967907508
195,87.1065874407747,1,0.323297896747288,5.8853304131883
196,72.8154068763955,0,0.828600723443254,5.27797303486763
197,20.84134528752,0,0.65134505613289,7.38373647435363
198,70.190329256969,1,0.438158389988271,4.26682459056647
199,113.778730287643,0,0.56464995236137,3.98723105886896
200,92.1235979230427,0,0.408910919007679,4.85986647277587
201,83.7041348329706,1,0.817871467914191,5.69489773409044
202,90.8994637859693,0,0.185676222176801,5.89217312726004
203,55.7079724092429,1,0.56090444227057,4.25522936082094
204,81.5976162601278,1,0.257066632583411,4.78440929062058
205,96.7488994175338,1,0.825774064482596,4.26843437467283
206,63.3709932872692,1,0.319071956986766,4.16638520716758
207,107.47447344868,1,0.681294619140397,3.43087027325419
208,91.3690528609182,0,0.237954724109818,4.40503920409248
209,103.93709689198,0,0.497254307405211,3.30260278024536
210,87.1600469561104,1,0.749798561357365,4.78831697041112
211,46.4309116131727,0,0.886495910638919,4.46567643355556
212,116.690495803905,0,0.363386210535403,4.39998232855906
213,38.0723091114023,0,0.568312069573322,4.85743168609569
214,69.4087071966774,0,0.241333313567764,3.88235679731217
215,82.2219763385614,1,0.56898906989025,5.24082490213774
216,83.9059558332364,0,0.5291717942611,4.45272238766071
217,120.502531297498,0,0.473059979401672,3.24806325883929
218,83.2979873860041,1,0.529172983333029,5.92100131431377
219,96.3600467440154,0,0.654667345246848,3.82095484793779
220,81.6893236416049,0,0.893511172757172,5.72656151025468
221,87.5199979815277,0,0.626570049189178,5.30506076924977
222,84.1239481379912,1,0.312096667251775,5.01254126648522
223,98.8489030429048,0,0.486636718653168,5.70741961618014
224,45.5924496559595,0,0.623583444201703,4.79472205437857
225,31.15267736442,0,0.547881519785086,5.59803066740638
226,51.0365012059935,1,0.370709498782918,5.48798490137043
227,63.9769344810225,1,0.520676855579525,5.79875163224938
228,89.6647550296032,1,0.670510418315953,3.98289001612757
229,61.4245465017045,0,0.425406463967285,1.80534100105444
230,60.9498999888144,1,0.53983197299766,3.66048132083679
231,144.10862354283,0,0.383106458314025,3.12478063054244
232,39.5124975923393,1,0.438767384626359,5.04462571740053
233,77.0480856991382,0,0.755693340172928,3.0560687509522
234,110.541408893204,0,0.433133083960043,4.22446961477581
235,57.0693316407393,1,0.702002982810439,4.82809684240854
236,54.7877064381345,0,0.658244417048792,5.00883665912688
237,52.396709396396,0,0.849050209679536,2.65978074137504
238,90.2927403544503,1,0.474667812990873,5.32608647646806
239,66.412032017697,1,0.478850116500241,4.48963798636831
240,88.3793725772125,0,0.552162956767547,4.60446558215571
241,83.6133218197106,1,0.517991516246931,4.44703770667858
242,87.3511709572828,0,0.719824742989472,3.89874569035138
243,68.2110111904724,1,0.592797692361746,5.83755762738562
244,69.3152165430021,0,0.390162209187995,2.08986990491708
245,103.734229105345,0,0.486787188879024,4.54495470223679
246,66.9709308129837,0,0.326770444096319,5.1068579595404
247,65.291237123787,0,0.534309092591679,4.43450527323824
248,77.9081313233575,0,0.201009537921827,5.05083063157978
249,108.619960407353,0,0.577212482648836,6.33379854935726
250,34.5442015869557,1,0.544469005159675,5.24690776475288
251,112.550012236776,0,0.408894319276649,4.59541179049735
252,69.7593803382679,0,-0.1723513809727,5.00580293376574
253,109.044280064986,0,0.360292651323001,5.76934483303256
254,57.2081745179969,0,0.212479788692971,5.62291196292584
255,108.247222446492,0,0.785526124818591,6.9232988243102
256,62.9871822806922,0,0.00888624106375047,6.85849482964373
257,69.7768724621924,0,0.24029158189564,3.01846037536245
258,70.813270493597,0,1.20118354718992,5.61288702698643
259,56.2387815318091,0,0.664318504158424,4.53458551364538
260,85.5284003404295,0,0.841944844321331,3.66139573840838
261,71.939301532302,0,0.490769552137866,5.26885227499243
262,76.7151056837446,0,0.53625048742358,6.09575343504477
263,77.7848674246536,0,0.11799465008013,4.64190290532521
264,79.6376707570741,1,0.373027944049557,5.48891715780897
265,97.7441114506276,0,0.222039518205375,4.62970529726336
266,77.2249018461634,0,0.446144864939379,5.11981732771872
267,123.752045413614,0,0.432009249071726,6.95132292826937
268,69.8825117199243,0,0.836818618565495,2.95441459855493
269,62.2313087749938,0,0.685103943847655,3.67399550590817
270,130.753102632866,0,0.427370002418193,5.40347659678399
271,95.950987066044,1,0.78278732606768,4.86433640947682
272,59.0226343587284,0,0.129590359389374,4.83781138367293
273,88.464219577079,0,0.752633342774267,5.35706307833989
274,104.61690166276,0,0.486127869965023,5.71838980676701
275,63.3003277259774,0,0.508504015649746,4.73393618027908
276,110.755909380187,0,0.512727500961931,3.41288979879042
277,128.217869924013,1,0.495151211753678,4.55192348656114
278,79.8934259984067,0,0.593088997789493,3.9966643448593
279,71.4368709481658,0,0.588992764556697,4.32561248315847
280,77.1138915410737,0,0.328395531376651,4.1315294333705
281,94.5676795489995,0,0.313837772726789,5.18562098280424
282,102.579082838601,0,0.489043076152039,3.31947549375615
283,95.6891595243733,0,0.432465022661869,4.97943340946386
284,84.8141716418238,0,0.499517271783612,3.10809604257051
285,108.773800613755,0,0.589888022172216,4.82169296841666
286,87.3771710532801,0,0.278975751287411,4.94240761929362
287,50.0516773183265,0,0.995457955396815,4.79069061203354
288,87.8062132694901,0,0.277497409373349,4.96079806539121
289,73.7145657949153,0,0.468779845800106,5.38290112467731
290,90.8606603859737,0,0.682902596133441,4.96225637459474
291,78.631902199292,0,0.4043364249749,4.91040006110814
292,74.8757971988381,0,0.724833580100704,5.9809784059988
293,93.9707136038121,1,0.531207820914342,5.16083895176604
294,58.4255937128884,0,0.660578729741758,4.38541850895297
295,75.8616526693746,0,0.507196382337525,4.92182179078141
296,97.9771703433581,0,0.510091918939884,5.26144561816187
297,55.1754619793367,0,0.241378538464193,3.93313367110555
298,96.8744655005356,1,0.221003556593287,4.74519300171865
299,64.0494835053873,0,0.551422619189267,6.10196945970963
300,38.1120919117962,1,0.972010775728499,6.89766438621479
301,84.1917012592572,0,0.508814567459842,5.02054023981971
302,115.3125053542,0,0.628011393602767,5.97008541103781
303,84.0028533328976,0,0.948558456028264,3.35229688837843
304,103.655866892089,0,0.675840954919444,4.17823048013006
305,49.127691885412,0,0.639455468935,4.65407766104427
306,98.3177030520987,0,0.501870968673488,5.18732240117443
307,88.0680554168565,0,0.343117147626107,5.9967791006191
308,66.6771081427546,1,0.0755724835610851,3.40910888241088
309,77.1050254221464,1,0.451608169643425,6.63676191197408
310,47.6882791356046,0,0.666402701616149,5.81788068183479
311,69.077584920208,1,0.542699467806603,5.04741172358654
312,96.3391303091504,0,0.687871616408227,4.35898583419004
313,64.0940983279693,0,0.397871775039996,3.23437967206543
314,125.756415466327,1,0.4840116396132,6.49288669807039
315,95.4030631182701,0,0.66251901179406,4.56621945037426
316,69.4621258583991,0,0.923925198876342,6.30799427698182
317,89.1216077403691,1,0.691311567225931,5.60545354829025
318,60.4931231202237,0,0.562804835181786,5.95411599464308
319,51.1596228967091,1,0.613545464677858,6.24609051691293
320,81.0923207428228,1,-0.0214699496636847,5.20663612003264
321,73.0700895470624,0,0.284140191039325,3.35035169297108
322,92.29044613145,0,0.240880761202663,4.33614735311104
323,87.2485880251514,0,0.645286368051003,5.30744391338606
324,66.8149004073354,0,0.499846405144191,4.70227524766285
325,70.2896516060555,0,0.329314528726419,5.03328047538861
326,64.6363062751283,0,0.203685885673621,4.70430523854955
327,52.071170691368,0,0.597859016610775,5.01815837734125
328,57.9687392002654,0,0.388743797709892,5.01130245076698
329,96.0736137539807,0,0.463907588765569,6.94287422499052
330,64.5865997661633,0,0.429926303372917,5.45150918792668
331,53.8306296796949,0,0.543253035681474,3.03553858270924
332,80.723747987276,0,0.632957291334408,5.67020791960543
333,88.4952939348526,0,0.934272049724156,7.45448832147106
334,42.402476209888,0,0.598514794507045,3.9918989082513
335,110.763269435395,1,0.394711452224276,6.99693205384898
336,55.0081288189841,0,0.499474724579782,3.35446210405011
337,82.8309760684027,0,0.145024865369606,4.38115994642147
338,75.4624293684196,0,0.0180397796689121,6.63028785054948
339,79.5499803409884,0,0.551709268610537,4.67173126411262
340,95.6575501105771,0,0.377881640074558,4.36016600416899
341,52.2176809929468,0,0.213053291925306,6.82079376375837
342,120.557699755019,0,0.48067461324779,3.61983855993929
343,92.032485258886,0,0.495261765415991,5.59226397617996
344,84.5417246156168,0,0.686927176766452,5.67777559745976
345,32.5420693145409,1,0.675670633328511,4.62724944050254
346,74.506920905923,1,0.450524730802144,5.13944623051653
347,56.1224090885687,0,0.655791528098267,3.82386579815973
348,84.5982218587624,0,0.52752049251649,3.46876900146809
349,68.8968695483653,0,0.834958943056476,4.8167115109068
350,96.3327427158094,1,0.810181323162035,5.11190391546044
351,41.3944722807517,0,0.902378388183698,5.22853114569287
352,94.8109599913787,1,0.123713154763563,6.30407893697443
353,76.3436201128877,0,0.215462037994949,6.0760909266951
354,90.8956987626487,1,0.125860278671354,5.1189835116334
355,72.838550925741,0,0.752135753874238,4.74058464574348
356,60.0965993548815,1,0.936386322580439,5.84676362445934
357,51.0462548035504,0,0.354033502858174,4.24784233540653
358,113.596415573767,0,0.942093932908964,5.80538339407882
359,81.3828020352656,1,0.352205554324856,3.08022030442288
360,79.8899939498074,0,0.298665982061428,3.63806442644047
361,42.4095068761008,1,0.560443405383517,5.30186814268686
362,71.8781232250247,0,0.416217018139325,6.35714149910521
363,82.5263731481427,0,0.397000384447295,5.30254048218175
364,99.0565698688923,0,0.896630531054429,4.92890733773383
365,75.4482291430576,0,0.434113724184911,5.09310630684525
366,107.051887496467,0,1.03075997482796,4.95211146092721
367,102.011781920277,1,0.462383667400919,6.56052735117543
368,78.4254705748739,1,0.1531393579978,4.20249341035021
369,55.8975958876798,0,0.38350095182166,4.51440792771555
370,79.5141158798873,0,0.567978941580929,5.43562790801976
371,55.5669957204057,0,0.392290772340264,5.71258137923108
372,91.1372531049104,0,0.717949561182248,6.04981051325573
373,84.2866214554651,0,0.426878144360375,4.92039861322099
374,104.039790791552,0,0.185650593551684,3.27462686495864
375,98.7186033168479,0,0.42228668046706,4.60772602121365
376,102.256273315332,1,0.418805510360027,4.53904020637822
377,72.3847521498601,0,0.864459597821925,4.85249778683721
378,60.4081289824992,0,0.554284848344451,4.77397971393296
379,92.8567182663813,0,0.803483997306171,3.46250940615944
380,62.2799576877795,1,0.841051285973998,4.26286087546727
381,100.616762823384,0,0.32693307776435,5.55106332670148
382,80.7077898076574,0,0.306654435441298,5.35097525723019
383,102.517745466758,1,0.291001700781776,6.59968140934948
384,67.1193149116222,0,0.436317692482899,4.79257626008385
385,74.9572161132983,0,0.864434902859202,5.12646474853337
386,65.4130212434024,0,0.502213749933636,3.79811510453004
387,78.8015096018216,0,0.721237144004339,4.80002501381626
388,53.1342676516185,0,0.364492063557976,4.78898318945796
389,97.9671308815484,0,0.619922148085499,6.79620125277376
390,40.7838511015929,0,0.486529944646525,5.05892006917073
391,82.7684054222653,1,0.785367940922388,4.37033415239866
392,75.6719866637279,0,0.0332307270954385,5.37486571013024
393,107.034014409099,0,0.403289471938221,5.95333631137846
394,117.405133549654,0,0.748371594570745,4.49282630603225
395,83.3005782389221,0,0.690280664889075,5.22665277458259
396,63.5628515826231,0,0.0184915767352664,5.81796566708053
397,105.969558462095,0,0.61532992580084,4.33092963689276
398,93.8960581556756,0,0.275114505746959,4.64236650854425
399,46.3168409563532,0,0.406327633719327,4.52851435616445
400,85.1876844539479,0,0.664339539251722,6.15451241765457
401,76.0706727036287,0,0.305800467183851,5.03983141427044
402,40.1893076324537,0,0.552037564574023,3.83879222510999
403,43.0397242364352,0,0.170031046900912,5.06524221646479
404,50.1836371095448,0,0.531876867526714,3.93362932898726
405,120.714283190158,0,0.730730438750005,6.568542489914
406,91.2366282838879,0,0.663579566948179,6.04506611832665
407,121.561413649875,1,0.398969952308063,4.94656181908496
408,55.1092983595967,1,0.843458764801174,5.77987907209454
409,94.5310464596629,0,0.525830526485974,4.79383758804967
410,58.4011895805509,1,0.237575485498466,5.91593301791977
411,39.1218229355295,0,0.221424514524009,5.48254615384404
412,44.8665129769948,0,0.318144898953999,5.86602687238897
413,79.2461928283809,0,0.374669398866324,5.97299835574761
414,42.9582241228183,1,0.341461332260531,5.02196590966836
415,58.3515287870197,0,0.774976429548434,5.06490401956711
416,72.4091256176472,0,0.449922702766393,5.71052425058479
417,99.826747311086,0,0.630613411266535,4.10914811669848
418,121.255621614548,0,0.843804433289966,4.77822656616635
419,102.882608091515,1,0.604436414074818,5.63596747499896
420,57.1969735984526,0,0.667856628714472,4.65767118324705
421,74.3796733780703,1,0.39601888015062,4.08828922015886
422,66.0876774508106,0,0.11291751628926,4.32952680578769
423,75.9702327364623,0,-0.0887687551025347,4.45182653625406
424,71.2484507367683,0,0.282607152602569,6.96791672184607
425,58.1743664355937,0,0.702493864784406,2.70310656420697
426,52.8476720183675,0,0.118538246673349,4.01217096063075
427,85.2833100901821,0,0.255231652414182,4.79882160701359
428,66.4196360588021,0,0.124937448211393,6.18848364692845
429,79.4792625469171,0,0.182261783680489,5.06326822612714
430,82.4152373898158,0,0.631709765833246,5.25079743909735
431,69.1623226990506,1,0.360682872690632,3.16357722629639
432,93.1716328338195,0,0.264953376179067,6.28636292189011
433,83.099134413702,0,0.517507714992561,5.50814982997212
434,71.5478625324419,0,0.308531657136034,5.20471635810829
435,96.2193266216209,1,0.409080798561259,4.23988571205663
436,70.2173572975818,1,0.801622831247195,5.7433819378129
437,103.232805915088,0,0.183268847782636,4.29145765709289
438,95.9132217311827,1,0.481367034308875,6.31594970017105
439,90.4873714615831,0,0.00873139145398,4.42656733767829
440,112.579293476405,1,0.830991653013918,4.23402658821105
441,81.9573877522064,1,0.759084982658505,4.78414127146111
442,88.4981425408774,0,0.696094403001993,5.54967046287832
443,82.288087473615,0,0.21361770079988,5.60869546796234
444,87.4025295229523,0,0.712432762367771,4.90055801783378
445,62.8355218312936,0,0.851117082784076,4.75807421799876
446,64.5949283004847,0,0.949457567339537,5.11999413730163
447,53.2341822477031,0,0.670505972945527,5.22665733179924
448,62.6701991840421,0,0.489725932932494,4.91284687728679
449,94.8973545682517,0,0.543897235144072,5.34629788445267
450,76.7983224846676,0,0.16407102037168,3.16479297901657
451,68.4018182310471,0,0.887380043655454,3.11259721090527
452,81.1408493126227,1,0.417366999459421,4.92576646065987
453,51.6856242397638,0,0.797340561705723,4.28607846155667
454,66.9606840476344,0,0.661854962531472,4.81430786956453
455,95.4262109315813,1,0.509742815735785,4.66318143116722
456,37.6059791009153,1,0.469069421407956,6.32313772025513
457,87.8624854422663,0,0.778417228841214,6.64432161559052
458,82.628557036838,0,0.586290340870928,5.0902380723843
459,100.371673289012,1,0.30779536799202,4.39044441605731
460,75.8351910626464,1,0.237501332955492,5.58603341693489
461,95.0706768908853,0,0.528589549833034,3.57031285075829
462,64.0488730722012,0,0.478500471097892,5.3332286349663
463,67.8003009639656,1,0.508386704654067,5.19138510798078
464,66.4636402181269,0,0.0755746184290962,5.4667120862614
465,85.6802254977775,0,0.939731930543127,5.41764247461275
466,81.5939761245602,0,0.446961293536187,4.44351544375737
467,78.2260296049725,0,0.316819819809747,4.89575363236179
468,92.4605366493658,0,0.654601284226685,5.90405700681045
469,81.0947781994071,0,0.28573819345388,5.02429602420673
470,72.4753925551256,0,0.640972084419582,4.77420406505753
471,94.0192474607972,1,0.426869527970578,4.90226854820739
472,80.199399103851,1,0.523745593200892,4.60442091179713
473,78.4652189420161,0,0.783574817062695,6.99018764693763
474,79.7438907471942,0,0.0785441841055742,6.68987265278067
475,131.850712142158,0,0.391846102545202,3.71239517362913
476,65.2245513109808,0,0.560353649748507,3.12622045841139
477,44.8164058935516,0,0.493476254679139,5.01911505224742
478,80.7631733053438,0,0.474672765694613,4.67694441784615
479,68.3742337453972,0,0.923308884945569,6.23540249512542
480,53.1390888723628,1,0.762350515772863,2.93150806952553
481,76.8442656493521,0,0.655878792872372,4.84506041425888
482,114.428101539267,0,0.403493108963489,4.96597118558363
483,94.2065392501644,0,0.326771941623524,5.19382524051524
484,88.9437800536062,0,0.286952485066743,3.90095120498645
485,82.3418408962515,1,0.753680576856527,5.32374697506977
486,83.3271337816323,1,0.120379216665998,5.385675729795
487,54.6535874202066,0,0.476785179720186,5.27113278328853
488,51.9870234746845,0,0.697838901305911,4.86973358825562
489,96.4841729943104,0,0.28723673723655,3.95008228038886
490,118.69114993571,1,0.334776247106401,8.41120563514394
491,94.8937197828583,0,0.450808602894014,5.00048876489598
492,49.4619649677096,0,0.637651745094802,4.79177379595793
493,73.2809517000534,1,0.71856067508333,4.59590359332676
494,57.3486731484468,0,0.0797057413910897,5.51759600072376
495,72.2550474180311,0,0.551248250389734,5.84885005131606
496,83.6773409701748,0,0.570507032959661,4.70972749378747
497,77.3175731089851,0,0.235037354112201,5.46028094272178
498,106.616704292903,1,0.460053268884853,7.33151836571705
499,88.954736356796,0,1.02091290731419,5.45544359521121
500,59.4792389615496,0,0.393689569404258,2.75479629151055
501,62.5722388275199,0,0.436920153454235,6.13207485548596
502,63.9544720231262,1,0.410183893014924,4.90194038218683
503,79.0034675659279,0,0.508509299887273,6.08983178944895
504,107.674276253087,0,0.78203105790305,5.03415820981852
505,106.119840175009,0,0.532168880985645,3.99693203681387
506,92.2574162349406,0,0.327039503467038,4.48314832601419
507,60.415562012575,1,0.284727255520262,4.41426322072251
508,69.9193318707302,0,0.83755648138613,6.21632444397455
509,65.1754884415877,0,0.812533469703568,5.45149151881187
510,84.5391386865951,1,0.890902325607936,6.04729649532493
511,48.2672408996584,0,1.07486434991214,6.81749374654163
512,77.0171823775099,0,0.333351055693463,4.20464731821279
513,80.7844349752086,1,0.146228909298056,4.60022966198758
514,74.3392094918187,0,0.952248589343612,5.23710520861006
515,96.282831242631,0,0.12292788528004,5.11030939037137
516,82.4412466518085,1,0.359165458134034,4.7690012876613
517,96.4752638212826,0,0.688585961082435,3.22904901127481
518,85.9093519187029,1,0.317178039996359,6.1329669132336
519,91.2431167959952,0,0.58577238848141,5.01682000257755
520,78.6731322541587,1,1.00785229317831,3.77231529816496
521,84.0218578008711,0,0.84789189492111,3.69819155914919
522,79.9012915852364,0,0.495006820183286,3.30775243930132
523,81.8479836824004,0,0.38647244088089,2.61703757864636
524,98.5202545137129,0,0.247407531193668,4.86140029776276
525,89.9086512669984,0,0.391209338778361,4.0759815354415
526,81.1694830660629,1,0.710662571835936,5.26889634728624
527,87.4040249012199,1,0.595702473285357,5.0189329170661
528,87.9702150890634,0,0.683209993476323,4.59194703752508
529,64.3742698388719,0,-0.0278715298879078,5.41769105821082
530,86.3406537167634,0,-0.164853479460299,4.89351160590607
531,77.3214630359591,0,0.609283099913272,4.1068182040107
532,79.7041105350477,0,0.270472620864983,3.62193438156584
533,81.9735677561418,0,0.248876967992874,5.34253330990845
534,77.2947093348464,0,0.373639733974161,5.99354884659126
535,78.3932420758725,0,0.243353055716082,5.01176020485325
536,67.7117221668741,0,0.348409586768088,6.94523489510529
537,81.850429638243,0,0.423056192194169,4.58185992505461
538,68.2684586844397,0,0.44845516970478,4.60859378318177
539,99.0804647673424,1,0.255163027041618,4.45961126617663
540,68.7138706986353,1,0.586262982081475,5.40995713730525
541,104.337439643528,0,0.360473332629571,5.32515722905244
542,55.1139222784046,1,0.594003684400911,5.86845474289694
543,60.9440631057268,0,0.557389785358866,5.860534714962
544,83.8544042762893,0,0.563830052563618,5.17830402134561
545,136.351617495786,0,0.446544182181675,4.57116318212299
546,41.4189850950968,0,0.531611153142588,4.29413550936356
547,78.2325013651326,0,0.0587545502037011,7.26403449019612
548,79.2429052111376,0,0.868100094797376,5.45785773697779
549,93.234683925166,0,0.224434584142317,6.14453529929894
550,71.334264920376,0,0.88503519773903,4.9818805314052
551,80.6236015481926,0,0.945922331763146,4.72334832627225
552,79.3837861184335,0,0.858099066536876,6.50196031636819
553,108.373548432742,0,0.454229652293624,5.56313941898791
554,57.1268194921334,0,0.447614767175007,4.33032774229273
555,63.5251368007911,0,0.588498342017933,6.07716548300089
556,86.1132312298148,0,0.305946405816985,4.33580040682317
557,98.2023092618034,0,0.364838882277149,3.48674703529111
558,77.7718683334308,0,0.286217153687347,6.20294470716404
559,112.67869029321,0,0.537708975933977,5.16379628967002
560,43.47779605996,0,0.620640997020876,5.09459974537922
561,34.6774525491353,0,0.377795179688276,3.94388798082537
562,61.2200055880713,0,0.491425254482116,5.0255285226093
563,70.5531439666308,0,0.809736046924479,5.43011862080931
564,72.828989515837,0,0.685818392917868,4.98953016470061
565,91.088338427198,0,0.254173564307814,4.32955371065394
566,70.6072795885611,0,0.57014481670299,2.94389431093784
567,81.3915241435617,0,0.254713729730114,3.34449776373864
568,76.6573284969999,0,0.401332625994025,6.94496460876759
569,60.2332375391654,0,0.260240890935575,4.86010919228301
570,101.869887384828,0,0.570858638305669,6.09482829296288
571,92.1469175916037,0,0.554531469706842,5.08437620464764
572,52.7876280724681,0,0.12163742373806,5.35852999449429
573,59.9143443890428,0,0.373209694860603,5.19587300842976
574,82.6858230479215,0,0.427502838912534,5.6429784055994
575,70.1882023562177,0,0.147555865535452,4.99272348185213
576,71.68814121505,1,0.159141859310337,6.13260611971077
577,79.691489433556,1,0.00347685371357181,4.59775365555441
578,51.7570007121948,1,0.692361727944134,4.34039195284293
579,86.114625226638,1,0.83718336110192,7.27927952810308
580,71.8801897014846,0,0.584696475748509,4.48570332945465
581,95.0698084926056,0,0.829515765493928,3.64685281393526
582,68.4843837904601,1,0.0759524700956962,5.9227470923753
583,89.0625745867109,1,0.818639959475518,5.40633139204082
584,99.0414338178044,0,0.32505343293506,4.35945659750065
585,130.264078379006,1,0.394412271177229,4.7605823260388
586,110.614342495449,0,0.338742821075159,4.30540315391977
587,118.241630593863,0,0.320553582712721,6.07007935266363
588,51.0212605480312,1,0.192173120048889,5.79953721441713
589,100.06120681732,0,0.174484988171425,4.99836592389554
590,67.5247257935041,0,0.374055268968449,5.88435678527178
591,74.0264513163318,0,-0.268207723500325,5.006258948438
592,65.5586463765907,0,0.447944049996184,4.91049213607047
593,53.5541024499636,0,0.50264599751542,5.06337798322939
594,100.315863193954,0,0.7496706685096,4.88300736563749
595,80.1577351128535,1,0.892336646870621,3.20332797372661
596,80.049289514847,1,0.320298219709434,6.08617511107408
597,52.4160220372899,0,0.97609208746768,4.07729700861774
598,99.7486119174067,1,0.193949579815224,5.23502484386911
599,61.9472402610203,1,0.772347238180525,5.75005083180705
600,63.1115706934701,1,1.13167350232204,4.05733830433789
601,70.9899202293518,0,0.330958694801989,5.06830958658958
602,80.1374640148458,1,0.676569992748102,4.9503179684863
603,76.2629217271335,0,0.668344857582673,5.67912832226646
604,63.7329735586577,0,0.0426996281055534,5.40427149343133
605,103.285856058234,0,0.797531330644495,5.11798109413809
606,75.877360042162,0,0.160295772848582,5.82636712398521
607,37.2937298889824,0,0.674970838157571,6.67859234692765
608,85.6437890993855,0,0.634759404540389,4.7952583048379
609,81.9915944201092,0,0.177821451324914,4.82835102994174
610,91.5067765281163,0,0.872221301285329,5.87947474568638
611,86.6326484643403,0,0.272917341088567,5.59504017450683
612,63.6221664338581,1,0.696237944224014,3.484706351157
613,90.6954511517124,0,0.0983661177693246,3.94858008120105
614,106.47177325976,1,0.289870758701851,6.83871397650729
615,114.236990331205,1,0.209741603139751,5.45938174928488
616,76.3316228923097,0,0.417076976419388,4.93552366391972
617,66.0959929399102,0,0.635128320831751,5.11242512710996
618,83.3257781770163,1,0.36857101402818,6.14981783173935
619,76.23818408446,1,0.446215186811962,5.15393294172124
620,62.6708034583412,1,0.623601996976624,5.50516083303492
621,83.2450613894989,0,-0.118522638537154,4.4255138367332
622,105.340829478503,1,0.783983826664953,3.59040716511305
623,65.2826367310669,0,0.0297381339449406,4.470030946319
624,76.1914425364409,0,0.738758127900828,5.43443614168542
625,107.903169522773,0,0.446703391857367,4.06705653679033
626,124.520119751778,0,0.403393614503086,5.16819516921897
627,75.6725003542019,1,1.01974366271004,5.25845051407764
628,116.379089493639,0,0.842400062270885,5.91485178018565
629,74.0656442617826,0,0.488373662347517,3.64199850171241
630,45.6911564107614,0,0.633358052679568,3.61148973989769
631,100.913170546278,0,0.27128881366956,4.49585992340185
632,57.6277165472522,0,0.526989828400966,4.76144663092067
633,75.140830355976,0,0.130373701814487,4.82263068219377
634,76.6496404297432,0,0.507192943798481,5.61563227859628
635,59.4892199189539,0,0.84964228651503,5.3625645211397
636,75.1003661654254,0,0.791806308796906,3.93481777637363
637,59.0427775584354,1,0.975178934884217,6.46715956790637
638,73.5064633746552,0,0.506997848196416,4.38265587905076
639,91.9841070484617,1,0.484628727078208,4.03151538917147
640,86.6409439487578,0,0.481468052810969,4.84923824784672
641,86.8034998790463,0,0.519879963159184,5.05447587039519
642,82.2200526607318,0,-0.0306643597434386,5.96533688244566
643,87.3568729213749,0,0.344579883530748,4.46345750826237
644,72.0295583061146,1,0.501714850501875,5.47511196398948
645,64.6359310841372,1,0.674092577518559,6.15706234056786
646,70.6147865062235,0,0.57469829953534,3.15986774989816
647,26.8495898170653,0,0.0898481330596225,5.52736515158069
648,69.8038786153873,0,1.00049207688712,5.27662800442287
649,71.8753910635599,0,0.708755339688676,4.08126530540269
650,67.9404026074884,0,0.19476163692943,1.27720255624921
651,60.9407120607198,0,0.424994343219754,4.65436537540009
652,90.6347208360993,1,0.46383030280702,4.92058885877032
653,73.2809588970808,0,0.166336594528563,4.00547464868457
654,101.532315199536,0,0.624830459306033,4.68787657199055
655,103.344472352168,0,0.807666012128308,3.82032524268283
656,119.144355647661,0,0.0841196247208526,6.27202781922635
657,82.5312888179212,1,0.421434316316076,4.22852255195209
658,82.3686413705749,0,0.633974551694509,3.28458425912461
659,32.3971086278654,0,0.321372486265816,4.99383365212369
660,76.9017210552625,0,0.801400349642793,4.74188834216104
661,76.2967857098363,0,0.395836176062991,3.04324061804798
662,100.293952312229,0,0.391478653298321,4.14811761333356
663,95.633759221587,1,0.3541361057885,3.31364467318456
664,125.482781994414,0,0.488728599321323,3.3549644854359
665,88.0900278305152,0,0.373456952563794,3.36748744176281
666,97.7781024466568,0,0.241403575598282,3.89019704966563
667,109.60132870042,0,0.38303912613758,4.19912718755456
668,111.298334964176,0,0.907974667146322,4.51118892504925
669,49.3240310073963,0,0.79926674689554,5.79894854487485
670,102.69614031104,0,0.608344206086761,3.38243614744631
671,70.1465152402721,0,0.676527927796428,4.20747141029735
672,97.6324547140407,0,0.182992512493738,4.85909028089408
673,121.826179950243,0,0.525588036623679,6.91808230409553
674,78.1767519393087,0,0.334760194187707,4.49539482331452
675,55.67007583279,0,0.56736325078449,3.69455564066606
676,66.442693331758,0,0.585709383094318,4.93718779603186
677,82.455511583598,0,0.658917194434032,4.71703827292058
678,85.8725467973741,0,0.511617513685002,4.16981031794251
679,78.2892831998171,0,0.290893163268766,5.62054650996636
680,92.4248674207594,0,0.3712493354948,4.99528850633801
681,109.898183777201,0,0.484426696318903,7.26461355218661
682,73.413930057467,0,0.502420206218697,4.47369290819678
683,83.0735614333429,1,0.901091074412076,5.76891246802794
684,88.7842608071757,0,0.882804056629535,4.23010463499775
685,96.5039070512059,0,0.76805933554479,3.54184464041412
686,86.8086138365895,0,0.736061324803074,4.68099900530624
687,100.069597993975,0,0.682816661135802,4.40988197053403
688,90.8587669440764,0,0.716485768490199,5.13465051255359
689,57.0102225916478,1,0.818802562844572,3.69694811700429
690,102.940235725721,0,0.488944983441014,4.69684459360381
691,101.754980679992,0,0.621392007925659,4.07310955770932
692,87.804787253599,1,0.512719434988199,5.12810709775146
693,100.289700369728,0,0.487763153112866,4.22696153159419
694,97.1546063260234,1,0.68522891288087,5.25351329824997
695,76.654339408437,0,0.385401655594622,5.79140025559971
696,85.2187554758417,0,0.419242575177224,4.96107291943125
697,88.705463748344,0,0.187877603734068,6.04946312682042
698,77.0367034033828,0,0.104777304429139,4.96431529171963
699,77.0962749426882,0,0.113963998633072,4.48466690031168
700,96.8056451021234,0,0.365551637565969,3.99684847158457
701,75.8618708459167,0,0.334940328724718,5.74233968180482
702,81.1871716221455,0,0.383538215140589,3.35783258671789
703,121.555829436837,0,0.444108722373039,4.59797242847281
704,86.6751445031184,0,0.702866507024203,4.54248838906833
705,114.330416434223,0,0.720816929759427,4.7124045076915
706,52.1594632194833,1,0.609107348859659,5.43964735131089
707,106.319816876869,1,0.869834271627751,5.30966442108211
708,26.9753907226349,1,0.324655028922142,4.7710272714633
709,116.0307136949,0,0.495208175100855,4.29136703113196
710,95.4229282628382,0,0.480440778151869,6.66796717457919
711,88.8675565708053,1,0.386110534597402,5.93617442593652
712,113.491394990009,0,0.496994785103536,4.91884631528268
713,79.5560033143091,1,0.605174419299082,5.39012822435903
714,47.130519579147,1,0.508691035063362,5.78512511123797
715,61.3316855509124,0,0.664172067343226,5.61971268897609
716,91.3470048621826,1,0.50994431190672,7.00291858797883
717,49.5451378153209,0,0.695220122513198,6.64278124512431
718,113.18551039641,0,0.733744483818124,3.06482109906788
719,87.9184442653213,1,0.524637830613297,4.5485208848861
720,66.3591163884331,0,0.0351422431890336,4.19372147308717
721,88.8051309305183,1,0.20325076770778,4.06722201954774
722,85.5423687254855,0,0.781529336669525,5.34913920391013
723,76.5172702624812,1,0.629916660933255,4.67553644219084
724,99.1956044002079,0,0.2200686746054,6.19611166253675
725,72.8996410697894,0,0.606782205924006,6.86122217984428
726,72.1087891143127,0,0.706985733925589,4.82371232471263
727,86.6812843329816,1,0.374323669807392,4.56064097602255
728,113.199203103591,0,0.328891105570563,4.77716689007539
729,76.4470920160668,1,0.0655034813016215,5.60072452933103
730,125.929362890377,1,0.44868049545713,6.1835132348627
731,94.1924930878261,0,0.724198622395734,5.06175100092216
732,59.0270511745582,0,0.208793211511503,5.57112549366441
733,92.2887428546703,0,0.465321646050206,4.74425909990993
734,70.6575891293431,0,0.319344960232443,5.52505221538253
735,45.7460274496423,1,0.197555629021665,3.6433262567919
736,78.5602051712881,0,0.584538501452789,5.90792806432717
737,97.5713188568903,0,0.724449198480455,5.73956116789949
738,85.2167047794696,0,0.749341188333126,2.16800090828975
739,86.9927703535038,1,0.450940191738786,5.29859106837811
740,96.2558550367098,0,0.356579424828464,4.09285976743031
741,67.0347322995451,0,0.32212715214952,4.00926253613285
742,65.6194879411492,0,0.73815396739376,4.04446465256962
743,91.3136566582122,0,0.518434318806957,3.44672024038498
744,108.958212768366,0,0.401493611137284,4.73239419137977
745,95.5739142895781,0,0.421389582414599,5.79409201298865
746,92.4235721074439,1,0.350845686259936,4.17318057334961
747,75.9002436224782,1,0.892921424369039,4.86134196177823
748,79.5397027442305,0,0.417014327991641,6.47186698352415
749,63.7064412604679,1,0.766200425898729,6.71667869460101
750,74.6530860583923,0,0.466334188236376,4.16247057564002
751,47.6073498209212,0,0.527250454230816,6.37630239633943
752,121.683363475397,1,0.371419904259875,5.60940913986389
753,60.690611746823,0,0.5855618005552,5.0899131364475
754,30.8967124658109,0,0.155538486864871,5.89520986761461
755,87.0699475752294,0,0.103937293460769,5.27368571301625
756,79.0266296473309,1,0.348367089947154,6.85715005660947
757,100.152365870564,0,0.562966241488226,7.03629308366522
758,84.7317201104271,1,0.287599804407636,5.42631015587228
759,118.977351300768,0,0.945772899512708,4.27913677706931
760,59.2049955477423,0,0.646455935870144,6.27848375060087
761,79.2385248359482,0,0.414837392577637,4.5905963178123
762,103.635695928796,0,0.260967067536188,5.11782890216041
763,71.4518584554042,0,0.747031178805408,4.79540740175164
764,76.0833248274166,0,0.611226580725057,5.20553704001103
765,81.1655324678486,0,0.11603787242767,5.72998687994968
766,128.108438288437,0,0.413525649713922,5.85233674656788
767,67.6156954335629,1,0.0389695369018649,6.24135018626306
768,54.5206915249466,0,0.84497949290673,5.30996129553368
769,69.4791000955386,0,0.407003911519992,5.98688565964466
770,98.008406724957,0,0.363204636476248,5.15562843637748
771,66.1667007822023,1,0.645058298435457,4.2368034311352
772,108.331157387481,0,0.484115849748449,6.65537215434322
773,74.0185987218017,0,0.175021259761522,5.99365456928263
774,88.1098310353568,0,0.699093547797112,4.60918100620516
775,70.0539406694779,0,0.612195200889365,4.84196432193418
776,72.6869932085792,0,0.210383420449992,5.09031849773819
777,98.6795592666596,0,0.849876120640371,4.523494971972
778,99.4903415557638,0,0.904277270228404,3.74222448927227
779,65.7090010652547,0,0.370739035107178,7.14478115481125
780,96.9264932950963,1,0.472442929988423,5.11265754144788
781,71.956652823511,0,0.234783499352105,4.27613902223032
782,64.3431910901775,1,0.725907998087235,4.70779925437529
783,99.2792233385677,1,0.739065244416949,4.35780918706715
784,97.8687162022795,0,0.811781604727896,4.55418021278021
785,75.7980576264067,0,0.352726924846143,6.43444684898204
786,100.043321634996,0,0.334797785172156,5.07711407412844
787,81.9216548632123,0,0.408951416693666,3.10733657890249
788,108.596203502272,0,0.434451729532776,6.9124395484115
789,69.3083792757651,0,0.34000779160311,5.1326550933656
790,107.749732974909,0,0.911728436654163,5.16637086077438
791,82.1554225406003,0,0.782772395410508,6.43559673484206
792,96.618946805893,0,0.474802644150593,6.35869578026588
793,59.6686229120716,1,0.583164538735824,5.74581073417657
794,59.9112366087319,0,0.364428553135673,4.50254595906381
795,108.090871430246,0,0.823348728269162,3.40057975290488
796,46.7225527004999,1,0.811808474872543,5.53968801227382
797,66.6104048103356,1,0.832824025541534,4.84181417595482
798,87.9189855038942,0,0.50888496773244,7.07518756497138
799,63.4462006757609,0,0.560506252019315,4.6438206440232
800,76.5269589120832,1,0.0507787864078952,4.81117354318042
801,89.7286096770766,0,0.347298304288288,4.84504508063043
802,73.5642226113453,1,0.573930059438744,6.95631076280865
803,65.8997257170052,1,0.44694579508329,6.20991069295887
804,77.9662959893092,0,0.761749412533983,3.49554794657295
805,58.6532546142026,0,0.319169853827385,4.89752013615846
806,93.8750217975856,0,0.321356543835511,4.05180690432793
807,93.2758342231799,1,0.37629970064011,5.2344254809799
808,75.9579230816695,1,0.0371284413798204,4.72351770803792
809,89.999070020622,1,0.198367503744964,5.97827308093715
810,117.31429967771,0,0.416984399890064,5.19172661833711
811,86.6090455470082,0,1.04859266853379,5.98792007361951
812,100.755990388354,0,0.689289800409593,4.35094811485428
813,76.8523663802039,0,0.699242520602655,3.59294260462856
814,97.2096081251147,0,0.15726453037124,4.33740518986113
815,76.9612957010738,1,0.513811716841443,4.71925970689814
816,79.0469164860166,0,0.307294699885093,6.74435205509906
817,73.2243566744249,0,0.693386816243986,4.23101526077817
818,94.0550889728799,0,0.901951956640623,3.87569506809125
819,93.6775277214999,0,0.549905669000113,4.40291775926056
820,85.9913270632328,0,0.461721948130415,4.73816668537552
821,57.1842484984721,1,0.376504675903491,4.49859602386126
822,82.950121679275,0,0.361442841187087,6.17232326821722
823,118.449626687942,0,0.231926828759633,3.89762862285714
824,113.884498024856,0,0.660664914069864,6.60111555031667
825,54.3605121007786,0,0.718741202405944,4.47580642661835
826,81.3751106836131,0,0.403883488906021,4.22788065065964
827,58.781160432095,1,0.36790362422631,6.60245222988305
828,51.1777374925814,0,0.282671115502259,4.21576591812715
829,108.354592667077,0,0.922570654337663,4.56582368734754
830,64.9216822153096,0,0.516078058904664,3.91671020387034
831,85.7117702391592,0,0.465499811320147,6.27092667514344
832,92.5479872793473,0,0.250265322598242,6.20342274858554
833,82.4562272726825,0,0.653179993948101,5.28465582758886
834,87.7714075204158,1,0.754089989309755,4.49784507560298
835,80.3104818038335,0,0.693691073423012,5.20889182909652
836,95.2243180645503,0,0.269556521027438,5.20848390598247
837,95.2123980964551,0,0.184306173991952,6.21568428376615
838,80.3206060363344,0,0.0654292863226563,2.90721001956858
839,107.841105597903,1,0.562140434155648,4.71923781733793
840,47.6106025415776,0,0.674795142157516,5.92997179926893
841,60.5429011647095,1,0.360079663233733,4.72548275638084
842,89.8211481379891,0,0.644909876208978,4.28809930022566
843,66.2632125145565,0,0.563796939377199,6.5184303213069
844,97.4211500991168,0,0.443863398232395,6.09213937792096
845,76.7284765013773,0,0.580365626713785,5.34072595062883
846,76.2140476788896,1,0.33779068480961,5.74652356560659
847,85.355793212779,0,0.961605694803,4.13979795909944
848,57.1771866136643,0,0.871268540885593,5.64706370230314
849,70.2028716928732,0,0.0215928826102476,5.57411634729288
850,80.1598501119121,1,0.673756301538403,4.00854997834314
851,71.2456349536817,0,1.00109024142918,5.63589289650878
852,86.9971575752448,1,0.099635009812119,6.11616590134698
853,75.6281406020064,1,0.55398751518339,4.92653132858303
854,75.3401127072333,0,0.215234190622562,4.03776373049343
855,67.033556544483,0,0.896995695029483,4.69862115541547
856,74.5928295124817,0,0.339180030767808,5.948091175136
857,68.7545305695577,0,1.22820843510771,5.45697332368517
858,65.9436642751623,1,0.292381376997056,6.70645809544043
859,81.7989123727053,0,0.617674969500551,5.26274939344164
860,52.2535098784478,0,0.466388101334017,4.1543110019112
861,106.977786661999,0,0.379630011523972,4.24713836493493
862,101.779344003183,1,0.543508942499269,5.54008023516235
863,45.7613266420657,0,0.470020048422049,5.94018881155854
864,36.1093114353732,1,0.518271915112987,4.75352676492308
865,102.897703084945,0,0.522989681231336,5.09040862125344
866,102.943834732908,1,0.51427499273519,6.79825313711175
867,79.7946249662535,1,0.395735257553396,6.06648193719309
868,69.1764464264525,0,0.817476587577922,4.21438722416227
869,86.0119707590417,0,0.447152721418763,5.37826153501421
870,75.7522703706993,0,0.614440611218641,4.47166165370915
871,117.744885237814,1,0.502342105167843,3.71115067735119
872,103.76083429835,1,0.73158183292795,5.62121726584442
873,49.8911861710925,1,1.08769502451085,6.32777116721887
874,87.4291940049329,0,0.720930640833123,3.78879995794501
875,99.6536083769868,1,0.823167200239895,6.26980211633848
876,64.9767728307146,1,-0.13569238023404,3.28163054101342
877,75.4737741871358,0,0.342847727713965,5.56698999915032
878,137.877006315178,0,-0.199905482090989,5.15079782687935
879,99.6155033494059,0,0.404714014283598,5.26052129622007
880,65.4769563698233,1,0.696712475770587,4.36703232772435
881,81.2307553923454,0,0.192237023491187,5.54851999548628
882,72.7876322816158,0,0.411978310802239,5.32813986590789
883,86.1502649647783,0,0.372714024737897,4.62313141802143
884,66.7538882924794,0,0.0838566525963367,5.59018957142578
885,56.512420632091,0,0.319795467305219,6.40233602971881
886,78.266383541648,1,0.507632746428765,5.47630640823216
887,105.038712417854,0,0.708542955768507,4.0443971146685
888,87.1019478446272,0,0.756289854585415,4.09907627874321
889,85.2884351930835,0,0.340002472705452,4.32794158871908
890,71.1380976852027,0,0.191545136894824,5.8398279027039
891,97.9474554429594,0,0.311140173904745,4.86360552779197
892,51.0816927487737,0,0.404534177677855,4.72692317195409
893,98.6742819519418,0,0.406142049934048,6.71035110928719
894,69.5786769012122,1,0.651289575199781,5.19695651766215
895,86.8440712912059,0,0.459830201430636,5.0945121939536
896,95.1872685737038,0,0.479518899156181,4.05482270768241
897,104.77945643775,0,0.680126017678622,5.1068266692855
898,75.4480621098438,0,0.43232058152064,4.63993164751207
899,88.8307588884135,1,0.593054968607244,5.70293220671275
900,100.738716112286,0,0.435031756363367,5.20896776970135
901,91.0100183000318,1,0.443117759889559,3.5032967384653
902,89.2077181385486,0,0.206689435383986,6.29138261247781
903,72.9140537269867,1,0.355519327800907,5.236779215483
904,100.915039847917,0,0.020612561413776,5.40282350038836
905,84.378135426128,0,0.37565941913138,4.94364198232194
906,55.4455756974023,0,0.704984273038557,5.37343094940649
907,66.977451978242,0,0.306630572843017,5.03406579903029
908,85.9457946432725,1,0.242041374437906,4.93191813529471
909,80.4124454527506,0,0.202024727329917,4.14754901979176
910,50.7904438241979,0,0.537952717370058,5.39790179200696
911,116.657016558295,0,0.638809961605801,5.27525174506245
912,53.284299418521,0,0.432383567324291,5.30128171386118
913,72.3159624944528,0,0.74243500806411,4.60982476188179
914,53.2335417936657,0,0.384119861251039,6.3221883794105
915,38.974315467761,0,0.179261313071448,4.87736775925822
916,58.8495418927639,0,0.426982886082514,5.79540854125678
917,88.887694664225,0,0.405448794457843,5.11370850016667
918,111.998779339409,0,0.29297465373899,5.73002666417587
919,97.8829142794807,1,0.660031439168524,4.77066342613654
920,101.999844406042,1,1.23533485103737,5.2392404172975
921,85.4934159210124,0,0.0725955309311792,5.74193454651958
922,104.797757636217,1,0.260343658955578,4.69124112632171
923,83.5296660992913,0,0.969785171544604,4.84890897570763
924,111.452578730447,0,0.465996566298891,4.50150369599798
925,99.7857300712155,0,0.393610919796222,6.43022648719019
926,74.2814100255898,0,0.425632171827549,5.69042801053013
927,98.5811722911439,1,0.845890193109694,5.14329235829611
928,62.8593726144311,1,0.211434679423029,3.25421833443415
929,95.8184375291283,0,0.313298284199005,4.80017594730175
930,67.8338000181201,0,1.00271366038961,3.38291480355284
931,74.6430803643863,1,0.143159819507791,3.64269336800673
932,72.2609594150574,0,0.585345252524489,4.0577971376646
933,58.3040829418679,0,0.274591621961199,4.58729869150719
934,100.515632421267,1,0.255934976717163,5.54327488684936
935,50.0221854831886,1,0.928005519693572,5.38829169868512
936,74.1691443785066,0,0.267712746888534,4.66212577084974
937,87.178357221192,0,0.286417992457414,5.64438073841436
938,108.676428813967,1,0.75024150762996,5.3490115101834
939,82.1642415320058,0,0.991957462481837,4.69687056173556
940,87.4296373688125,0,0.114173105307428,6.23540860336858
941,55.1022112555428,0,0.484987901238145,4.29510786180352
942,74.3663462948942,0,0.351715106548916,5.12914467376506
943,78.8549932140481,0,0.724140942709765,6.11963895400458
944,52.6070854116303,0,0.322984358307241,3.59601214368945
945,87.9930844112767,1,0.429138725463089,4.79757226677861
946,76.5129272450612,0,0.795714375119627,3.91467847821983
947,64.9095824861357,0,0.420435282888095,4.38415659157996
948,81.3373684916889,1,0.771289848289657,4.94255208590592
949,85.6114649724154,0,0.367233318693034,6.46591126300948
950,83.8331799495199,1,0.0211794524472149,4.14298483703779
951,72.3737266742486,1,0.491718653730357,4.20682309890955
952,80.298471994084,0,0.696221734109201,5.18340201404874
953,46.8868179189793,0,0.427309228540398,6.08735362939404
954,84.8489976607407,0,0.196784527993752,2.97883284368207
955,109.842392552805,0,0.503239136311387,4.5378811124508
956,35.7920679617376,0,0.638029422699827,3.89030277772953
957,86.5876725786788,0,0.305541523429273,1.78473828272758
958,67.5422339907507,0,0.399695601379837,5.03300067918202
959,70.4211988220746,0,0.553549349917605,5.52641427086558
960,46.1966554635114,0,0.506788926065234,5.96489670714724
961,100.86096519487,1,0.237529575833709,5.50952607065427
962,87.8208706280585,1,0.0740188343299003,6.26483209221157
963,65.7134238861029,0,0.744713313099991,5.2751366352197
964,101.080251758047,0,0.413807507666819,4.33422292817981
965,73.092427199744,0,0.631962596829717,4.21526402143889
966,107.49919142421,0,0.54166824105705,6.26035037667615
967,68.5855810820397,0,0.964797889284078,6.2417263017349
968,95.2078919407628,0,0.840837987939324,4.90225420404612
969,78.4179510186175,0,0.505765353358914,3.71948001671425
970,148.969358859571,1,0.331602791326723,5.63821675054789
971,40.4482937034955,1,0.199769005714235,4.20802892865555
972,92.2987879955404,0,0.76452975632994,3.38743796301741
973,81.4059486782206,0,0.458144974302826,4.75080595237006
974,81.9737701242407,0,0.517360834427237,5.27594940371744
975,44.9117172131037,0,0.315243337073795,6.35506956059176
976,97.8002290675843,0,0.526900104842201,5.97516716604533
977,110.073147975406,0,0.311210535103063,5.56173417922832
978,85.267141540958,0,0.974197443777612,4.43378203337331
979,59.0777200838353,1,0.831943379073942,4.20437840008048
980,73.2757804498138,0,0.42721787975886,5.14345819611013
981,64.2592416404325,1,0.462721693154806,5.32509601918679
982,92.2043871163546,0,0.754416869475888,4.89846840167819
983,90.7252391324628,0,0.621668074149666,5.22115315959308
984,28.7689880658417,0,0.563603090307318,4.48831870383802
985,100.256683885127,1,0.657523304341701,4.34298037443616
986,97.569308170988,1,0.649667553841381,4.90657347554344
987,103.175054211044,1,0.388365541403046,4.19003704003251
988,51.3631584935355,0,0.157382365624689,6.57352571139008
989,71.6262433323801,0,0.445704107230146,5.0466245142817
990,68.3440400423853,0,0.281736664416872,5.20793979529192
991,94.3092916161797,0,0.884543828813345,5.28387960910024
992,67.1773926292929,1,0.446844625732696,5.11890609889888
993,94.3346065881575,0,0.859362286069321,4.56271952733969
994,55.1579426302016,0,0.21324278275771,4.27690628903704
995,87.0608365993449,0,0.568892890643565,4.91042032738403
996,62.9541427318946,0,0.492779830745699,4.28008868651193
997,119.75165368992,1,0.462765792814871,4.78748341699841
998,91.2177251346063,1,0.420524172595597,4.65341791687245
999,76.6996882509862,0,0.444595454734643,7.15956819190485
1000,107.687241262051,1,1.02661526972757,4.62107775835263
